student_id,ssc_percentage,hsc_percentage,degree_percentage,employability_score,internships,projects,communication_rating,technical_rating,backlogs,work_experience,training_completed,placed
GP-1001,62.61858681264457,66.15448692992365,80.08639092727726,55.18512588614866,1.0,1.0,2.0,2.0,0.0,0.0,0.0,0
GP-1002,73.46331320555458,61.1816183912715,56.39887736344337,67.31737040134391,3.0,4.0,1.0,4.0,0.0,1.0,0.0,1
GP-1003,75.08821804113376,64.41249416658471,51.61910900498867,89.78017866587845,2.0,2.0,3.0,3.0,4.0,0.0,1.0,1
GP-1004,78.61417358014296,71.16303054369506,91.058135150743,65.69585439589721,3.0,2.0,3.0,3.0,3.0,0.0,1.0,1
GP-1005,43.80948884824354,65.83751904133175,68.43713952684267,58.48176550218703,3.0,1.0,5.0,3.0,4.0,0.0,0.0,0
GP-1006,61.05652204405324,92.30119575964545,58.761195002248115,95.37556015862855,0.0,5.0,5.0,3.0,3.0,0.0,0.0,1
GP-1007,80.07988267697083,73.07814479951325,55.007485951212296,52.756429671326785,1.0,3.0,2.0,4.0,1.0,0.0,1.0,0
GP-1008,89.86591604396719,59.10661060541632,52.6763644370083,80.96971779817825,2.0,0.0,5.0,2.0,2.0,0.0,0.0,0
GP-1009,76.53627047224582,61.79944004702591,61.300889728441334,56.75173951672916,2.0,2.0,2.0,1.0,0.0,1.0,1.0,0
GP-1010,68.30454134903974,69.76215201092033,72.64996568075287,61.088944542922775,0.0,2.0,4.0,3.0,3.0,1.0,0.0,0
GP-1011,83.12657222022294,52.58230420908288,52.13020615532773,53.11230104634846,1.0,3.0,3.0,2.0,2.0,1.0,0.0,0
GP-1012,63.15522896143617,68.73901154501331,78.30161114010316,75.08431470803208,0.0,2.0,5.0,4.0,3.0,0.0,0.0,0
GP-1013,74.11618098869289,86.35071143232739,72.96285434391868,57.28245070201702,1.0,5.0,2.0,1.0,0.0,0.0,1.0,1
GP-1014,64.96630568899306,66.57764540147213,68.527352778535,48.0073142465839,3.0,4.0,2.0,4.0,1.0,1.0,0.0,0
GP-1015,88.20278415526582,85.290669913281,67.9083566056251,90.1052331120769,0.0,1.0,3.0,2.0,2.0,1.0,0.0,1
GP-1016,75.22977595662792,62.399596437949555,58.979987246538656,64.07760705463828,1.0,3.0,1.0,3.0,2.0,0.0,1.0,0
GP-1017,72.15183860975401,62.323667569159895,63.367946846383575,56.254488804995276,3.0,3.0,3.0,5.0,2.0,0.0,1.0,0
GP-1018,76.17454161854432,81.01207690531922,62.39441247461292,87.85284597296747,0.0,0.0,1.0,4.0,3.0,1.0,0.0,0
GP-1019,62.867979469313426,80.04964098913214,61.835378694103525,72.54785286655225,3.0,4.0,5.0,2.0,3.0,1.0,1.0,1
GP-1020,73.85769955744902,64.78746565849309,74.01873171768952,98.6635715093795,3.0,3.0,5.0,4.0,3.0,0.0,1.0,1
GP-1021,69.35372193336305,86.37415766132955,58.79216308714015,66.89059155756897,0.0,0.0,3.0,4.0,3.0,1.0,0.0,0
GP-1022,67.20850031594877,73.83598182193714,55.28929630831099,76.797911101026,2.0,0.0,2.0,4.0,0.0,0.0,1.0,1
GP-1023,67.04072896608093,62.64336505138375,61.62004127645635,72.71487567878853,0.0,4.0,3.0,1.0,1.0,0.0,1.0,0
GP-1024,66.13629447667763,64.40004141159038,51.88077908834383,68.60388197407431,2.0,5.0,5.0,3.0,2.0,1.0,1.0,1
GP-1025,83.54190087561923,60.51415326279823,51.93995098552584,79.26475641750942,2.0,2.0,1.0,5.0,4.0,1.0,1.0,0
GP-1026,66.84465100132732,61.07198966539885,59.7553396758727,72.22800675736767,0.0,1.0,3.0,2.0,1.0,0.0,1.0,0
GP-1027,63.80607977236093,79.83169500326171,55.92375945127001,71.68534501056338,2.0,5.0,1.0,3.0,0.0,1.0,0.0,1
GP-1028,71.59571025027432,53.81706936440662,67.40113050312912,62.832126645975514,0.0,2.0,1.0,1.0,4.0,0.0,1.0,0
GP-1029,72.37600986712778,56.89830366071622,69.94561895476767,92.10166831791828,2.0,3.0,5.0,1.0,0.0,1.0,1.0,1
GP-1030,71.85536995697395,62.89003377316783,81.59191869939148,67.38509413499283,3.0,0.0,5.0,3.0,3.0,1.0,1.0,1
GP-1031,55.08409370512467,57.99517545156216,62.17833370844896,54.452407802526714,3.0,5.0,3.0,4.0,2.0,1.0,0.0,0
GP-1032,60.99794120986016,71.99157773483874,66.22953471582025,72.96311970947325,3.0,3.0,2.0,4.0,3.0,0.0,1.0,1
GP-1033,76.0715800784853,82.14772206965755,74.40654781761076,77.16849603240492,2.0,2.0,4.0,2.0,4.0,1.0,1.0,1
GP-1034,91.53734713860807,55.23936588890331,40.0,73.46983641234766,0.0,2.0,4.0,3.0,3.0,0.0,0.0,0
GP-1035,63.89238350460512,62.8634586216218,67.76302782869821,70.69678153990802,2.0,4.0,4.0,1.0,0.0,1.0,0.0,0
GP-1036,48.33729922953566,73.10906320366092,73.91706239784108,59.76368705237119,1.0,0.0,5.0,4.0,0.0,1.0,1.0,1
GP-1037,67.72515684915021,70.89041998643354,76.29361523610663,82.69397906770563,2.0,5.0,2.0,4.0,1.0,0.0,1.0,1
GP-1038,68.3555888137271,74.34833926912702,83.02512461375768,73.31658775329903,3.0,2.0,5.0,1.0,1.0,0.0,0.0,0
GP-1039,98.0,59.31507636089298,61.36860788458769,63.42513008507003,2.0,1.0,2.0,4.0,2.0,1.0,0.0,0
GP-1040,91.63913333430425,63.35487474204047,69.38106577975225,88.0595247790827,3.0,3.0,4.0,3.0,2.0,1.0,0.0,1
GP-1041,62.038041495125256,68.35922504989838,73.44062002503263,75.04001071697458,3.0,3.0,2.0,2.0,4.0,1.0,0.0,0
GP-1042,72.91890163077109,72.3392725062385,78.68251846197813,58.43423720116645,1.0,2.0,1.0,2.0,2.0,1.0,1.0,0
GP-1043,64.51312169681769,59.04985722170062,63.55329284525371,92.9678988120894,1.0,0.0,1.0,1.0,0.0,1.0,1.0,1
GP-1044,65.49898521430102,86.60894305126592,64.8317686722349,68.01835694292859,1.0,4.0,4.0,2.0,3.0,0.0,0.0,0
GP-1045,89.80195143117538,45.72603088418816,75.80784348565805,49.20235981808544,3.0,0.0,2.0,5.0,4.0,0.0,0.0,0
GP-1046,73.21082777298005,70.10805517761906,83.3695815633814,91.96127299474671,1.0,5.0,2.0,3.0,4.0,1.0,0.0,1
GP-1047,68.52326876042503,98.0,56.90172325722466,62.894525436095414,0.0,5.0,3.0,3.0,0.0,0.0,0.0,1
GP-1048,85.39676488526948,67.38178540038442,51.916262384890246,64.92617683074423,3.0,4.0,4.0,2.0,2.0,0.0,0.0,0
GP-1049,54.94430108188534,66.91522584694957,58.26075739649791,62.32798778249928,2.0,1.0,4.0,1.0,3.0,1.0,1.0,0
GP-1050,47.994318342978495,70.95333556716237,73.57460742746359,71.4639217407373,1.0,3.0,1.0,2.0,3.0,0.0,0.0,0
GP-1051,53.9165565919229,67.07138756168963,66.04018303338243,58.070353228717764,3.0,3.0,4.0,4.0,0.0,0.0,1.0,1
GP-1052,74.47118333235112,66.6290235970979,73.99837726400206,95.24522982407163,2.0,5.0,3.0,1.0,2.0,1.0,1.0,1
GP-1053,50.308307950750795,63.64071707621149,75.12238566906504,64.91653977019274,3.0,5.0,3.0,3.0,2.0,0.0,0.0,0
GP-1054,75.43037147284086,52.87142410508594,57.05420354104883,69.72258103221701,1.0,3.0,4.0,4.0,3.0,0.0,1.0,0
GP-1055,45.66632870001987,65.72078182202438,63.20570233983332,83.69548154225014,3.0,2.0,4.0,1.0,3.0,0.0,1.0,0
GP-1056,46.81827364943119,71.42908600914836,63.13646156687885,60.43546569552059,2.0,4.0,4.0,4.0,0.0,1.0,0.0,1
GP-1057,59.911299911237236,61.17581666570148,60.79332216598608,73.17072852067999,0.0,0.0,1.0,1.0,4.0,1.0,1.0,0
GP-1058,60.89635118699102,76.52104122273704,76.67613632152836,91.88412366751336,0.0,4.0,5.0,4.0,0.0,1.0,1.0,1
GP-1059,50.48876249735446,70.80205443275416,79.06983597394174,37.89580248383063,0.0,3.0,2.0,5.0,2.0,1.0,0.0,0
GP-1060,65.12446787960636,87.28218453744174,46.83242066491691,81.20753226747726,2.0,4.0,4.0,4.0,3.0,0.0,1.0,0
GP-1061,67.52031972827118,65.26414579720083,79.26965756786583,75.5058630312268,0.0,0.0,3.0,1.0,1.0,0.0,1.0,0
GP-1062,57.52519804117034,46.150992976458035,67.40988498961627,68.49729209385397,0.0,3.0,1.0,1.0,4.0,1.0,0.0,0
GP-1063,69.47484364060854,64.03172722210019,57.919064091449684,75.03330947135635,0.0,3.0,3.0,5.0,2.0,1.0,0.0,1
GP-1064,58.72428007077749,60.74469960056018,60.27642290946453,79.08944018127185,1.0,4.0,2.0,5.0,2.0,1.0,1.0,1
GP-1065,68.31658284410459,44.05822767485168,61.841734574033076,58.836454633394034,2.0,1.0,3.0,3.0,2.0,0.0,1.0,0
GP-1066,79.70204124741927,50.222194275664975,58.44157896093099,55.17578667246491,2.0,0.0,2.0,5.0,4.0,1.0,0.0,0
GP-1067,76.58438000135166,68.03348305975975,63.75940686697545,51.77390151478204,1.0,5.0,5.0,5.0,0.0,1.0,0.0,1
GP-1068,68.25639657757812,66.47792403957018,52.16074986399164,71.97016285821833,1.0,5.0,2.0,5.0,2.0,1.0,1.0,1
GP-1069,52.2876862341337,73.1954581926147,74.25955973756561,63.63663482426727,2.0,2.0,2.0,5.0,3.0,1.0,1.0,1
GP-1070,62.066901330124615,86.49152650760749,75.17030043368109,48.755147128194935,0.0,0.0,2.0,3.0,3.0,0.0,1.0,0
GP-1071,73.6985384622587,91.6973653509124,51.21815994894142,94.89184647166155,3.0,2.0,4.0,2.0,2.0,0.0,0.0,1
GP-1072,94.71727089091468,70.5588398037722,89.26751797892209,56.086877442398276,0.0,0.0,5.0,1.0,1.0,0.0,0.0,1
GP-1073,79.9223881747692,69.35830627533159,74.63714462275928,48.69540856919474,3.0,1.0,1.0,3.0,1.0,0.0,0.0,0
GP-1074,68.15510369532834,71.88571309552432,75.62313095140641,80.76942019944829,2.0,5.0,2.0,1.0,1.0,1.0,0.0,1
GP-1075,50.071359897248826,60.89325430787026,90.27510514169526,88.7893818975862,2.0,5.0,4.0,1.0,1.0,1.0,0.0,1
GP-1076,83.43649528611621,48.23304077112189,70.51454141106366,52.680260523704476,1.0,4.0,2.0,4.0,4.0,1.0,0.0,0
GP-1077,63.355837946614244,49.4152461034644,77.68621228879537,61.85658037481768,0.0,2.0,5.0,3.0,3.0,0.0,1.0,0
GP-1078,60.19816229924281,73.77829724661409,73.71163248829657,71.48384047896751,1.0,0.0,5.0,5.0,2.0,1.0,1.0,1
GP-1079,67.07076414975948,85.38407520879363,68.6955636878297,53.90445488741725,0.0,4.0,4.0,2.0,1.0,0.0,1.0,0
GP-1080,71.40798842428278,72.29015139551404,71.1821709571196,88.41863718928987,0.0,2.0,3.0,3.0,3.0,1.0,1.0,1
GP-1081,79.56533927296317,80.7505505869141,67.50157163406436,61.02541343504926,3.0,2.0,3.0,2.0,4.0,1.0,0.0,0
GP-1082,75.92148207067119,63.08892214115947,68.85767465426194,87.30713767528142,0.0,5.0,2.0,3.0,0.0,0.0,1.0,1
GP-1083,40.0,71.02945243554889,61.18184091092828,39.83204665853802,3.0,0.0,2.0,5.0,2.0,0.0,0.0,0
GP-1084,58.76752618453267,51.79932990852711,80.93197934607934,56.186599492447804,3.0,2.0,3.0,3.0,3.0,0.0,1.0,0
GP-1085,68.52421363443214,66.85250274327375,71.50228956793904,97.74029200492765,0.0,5.0,3.0,3.0,4.0,0.0,0.0,1
GP-1086,71.16422017458152,70.37424665734231,54.4029569384173,79.18435107030915,3.0,0.0,3.0,1.0,0.0,0.0,1.0,0
GP-1087,68.7864761669809,75.27193544929425,67.49769859243735,67.84096976000701,0.0,4.0,5.0,2.0,0.0,1.0,0.0,1
GP-1088,96.94818295364527,63.246046432982936,66.00251828676977,75.36531480157694,2.0,5.0,4.0,3.0,0.0,0.0,1.0,1
GP-1089,55.53929468633965,67.14887208106461,75.53956843357099,58.666029526039615,2.0,5.0,4.0,5.0,4.0,1.0,0.0,1
GP-1090,60.78192964179783,59.00708619524259,77.89959459968377,49.79863261407725,0.0,2.0,4.0,4.0,0.0,0.0,1.0,0
GP-1091,57.56174594480591,83.14702784841401,69.04652158528552,53.82491017968984,1.0,5.0,3.0,4.0,2.0,0.0,0.0,0
GP-1092,69.93309161252054,61.30252496725912,59.860959522365235,66.87601983773527,2.0,1.0,3.0,1.0,0.0,1.0,0.0,0
GP-1093,71.6238578573368,73.96116816558616,62.65985539748777,65.06403554476799,0.0,2.0,1.0,5.0,4.0,1.0,0.0,0
GP-1094,68.36181778365128,89.9371714788094,72.15239837404567,85.25194355431393,2.0,3.0,4.0,5.0,0.0,0.0,0.0,1
GP-1095,77.11215688686916,74.16549176021307,65.65311572903698,80.55809201832083,2.0,2.0,1.0,4.0,1.0,0.0,0.0,0
GP-1096,59.69511235786002,81.00997843377739,84.0836952627383,83.81392388783793,3.0,2.0,3.0,3.0,4.0,0.0,1.0,1
GP-1097,62.90376896178177,65.61159576664927,62.51750850798689,75.20675299949194,3.0,5.0,1.0,3.0,4.0,1.0,1.0,1
GP-1098,45.303830213532066,77.62591070893191,59.986774972644056,48.91127827389566,1.0,5.0,1.0,2.0,4.0,0.0,0.0,0
GP-1099,68.58569154865216,71.66187738541349,52.60767406124756,64.16182981479399,3.0,2.0,3.0,4.0,4.0,0.0,1.0,0
GP-1100,67.89795213834786,69.19784397230492,74.44528752621629,63.408842676862136,0.0,1.0,1.0,5.0,2.0,0.0,0.0,0
GP-1101,74.28165854156455,73.24639660443181,63.993887516635795,48.18095288217164,1.0,4.0,2.0,5.0,4.0,0.0,0.0,0
GP-1102,77.82374243540642,65.21791913076008,70.00028421577896,59.10530403363122,2.0,4.0,5.0,1.0,1.0,0.0,0.0,0
GP-1103,74.11980513016574,77.87442937665949,49.59724319572777,83.17790432831701,0.0,2.0,4.0,3.0,1.0,1.0,0.0,0
GP-1104,72.82572246479519,59.93611291265968,78.60048251222786,61.83515283547279,3.0,5.0,1.0,3.0,0.0,1.0,1.0,1
GP-1105,77.84528538848312,44.42962432433827,89.21694795101257,94.76312445388977,2.0,0.0,3.0,2.0,0.0,0.0,0.0,1
GP-1106,90.88597183630823,82.6406939541063,74.78093265403726,93.69793188108531,1.0,4.0,5.0,4.0,2.0,0.0,1.0,1
GP-1107,72.37184770042401,47.453434989058486,73.74246989663271,80.64889586919654,2.0,3.0,3.0,4.0,2.0,0.0,1.0,1
GP-1108,75.05947264574505,71.93882259234798,66.18024198709936,62.60261896390192,2.0,3.0,1.0,1.0,1.0,0.0,1.0,0
GP-1109,80.94143417023271,59.69924381371229,60.9346534044867,76.37520416324782,1.0,5.0,1.0,1.0,0.0,0.0,0.0,0
GP-1110,42.69589608758509,73.26093341814118,62.546565715681304,70.81765965456084,0.0,0.0,3.0,1.0,1.0,0.0,0.0,0
GP-1111,53.6722892122732,76.517892721584,70.32428813231931,49.37036325810373,3.0,1.0,1.0,1.0,4.0,0.0,0.0,0
GP-1112,73.59844844604841,55.883080925895655,66.38241177807728,85.01598382224944,2.0,2.0,2.0,2.0,1.0,0.0,1.0,1
GP-1113,72.2041499197776,76.21170360745161,62.16671545483935,82.50349795822444,0.0,3.0,3.0,5.0,2.0,1.0,0.0,1
GP-1114,75.69976480386781,70.7747489885306,70.11241416406824,67.09860604595144,1.0,0.0,5.0,2.0,1.0,1.0,1.0,1
GP-1115,70.85764723321489,67.40071165128232,85.96885193753307,63.924365771916406,0.0,3.0,5.0,3.0,4.0,0.0,1.0,1
GP-1116,58.80228180229413,60.66762773662856,59.2898194922207,78.62347818451585,3.0,4.0,5.0,5.0,3.0,1.0,0.0,1
GP-1117,88.99551571178588,75.63617562524446,73.53002642434211,74.74083688750878,1.0,5.0,4.0,5.0,1.0,1.0,0.0,1
GP-1118,75.02643361541814,71.77129108112152,61.37250285526737,86.24354155074818,0.0,1.0,5.0,1.0,2.0,1.0,0.0,0
GP-1119,76.42443089813996,66.18140088153989,77.67701251180272,82.36348878326088,3.0,0.0,2.0,1.0,4.0,0.0,1.0,0
GP-1120,67.50961592990492,73.38466966210919,53.46548380449923,71.77331240362452,0.0,2.0,4.0,5.0,2.0,0.0,0.0,0
GP-1121,51.01433750894003,64.0532443549468,40.0,57.63785577319962,0.0,5.0,4.0,4.0,4.0,0.0,1.0,0
GP-1122,83.80148402909195,55.18581626616792,40.258474718415854,80.99269538275898,1.0,2.0,3.0,3.0,3.0,1.0,0.0,0
GP-1123,85.90370167452626,52.71821401623579,65.68146921415752,72.92836108479997,3.0,5.0,4.0,1.0,2.0,1.0,1.0,0
GP-1124,45.35545914702277,69.9180927883686,57.85285910381137,63.803186970015425,2.0,1.0,3.0,4.0,1.0,1.0,1.0,0
GP-1125,56.653781468559956,59.30706337044285,78.9294184672988,54.61630933466647,1.0,3.0,2.0,4.0,4.0,1.0,1.0,0
GP-1126,76.88437737749267,64.13849487905465,75.45050649762747,63.571810329485885,0.0,0.0,4.0,4.0,1.0,1.0,0.0,0
GP-1127,67.62554436344027,69.42037719742879,57.077853466997766,84.93430562532039,3.0,2.0,2.0,1.0,1.0,1.0,1.0,1
GP-1128,70.21851911818206,65.76797260860533,67.8114753949041,63.45345855419214,0.0,5.0,2.0,4.0,0.0,1.0,0.0,1
GP-1129,77.46582273423549,52.687316827868656,71.0630281294405,65.08010407071868,0.0,1.0,2.0,5.0,4.0,0.0,1.0,0
GP-1130,57.44253997037285,72.7050166859224,80.25586074981634,74.60161242131733,1.0,5.0,3.0,3.0,1.0,0.0,0.0,1
GP-1131,67.58255533344673,62.301453498129405,63.56470650551253,54.600222157393915,0.0,0.0,4.0,1.0,1.0,1.0,0.0,0
GP-1132,64.89578513607047,78.94873754787746,62.68432822841723,73.49614479169296,3.0,2.0,1.0,5.0,1.0,0.0,0.0,0
GP-1133,69.05137454811961,59.69463828596362,55.25160114835187,63.455221946723825,3.0,2.0,5.0,3.0,4.0,0.0,0.0,0
GP-1134,79.24541982897134,65.65311734127079,72.65174412177461,72.78651627350168,2.0,4.0,3.0,1.0,2.0,0.0,1.0,1
GP-1135,64.46897107734594,78.15067961373511,75.43107604521185,86.97234039216167,2.0,1.0,2.0,4.0,2.0,0.0,0.0,1
GP-1136,98.0,56.264353964621726,63.99764616097728,95.18048785898671,0.0,1.0,4.0,2.0,0.0,1.0,1.0,1
GP-1137,74.43537391445189,88.89681911205483,50.417404647485334,73.99987959251264,2.0,3.0,2.0,4.0,3.0,0.0,0.0,0
GP-1138,65.16159708402182,85.65948025478386,65.03400361687186,76.27026003346008,2.0,0.0,1.0,5.0,2.0,1.0,1.0,1
GP-1139,62.28903772027958,63.29871345565062,58.22644789663949,91.83327278497602,3.0,0.0,4.0,5.0,3.0,1.0,1.0,0
GP-1140,86.97306384274238,71.18830499871896,71.7808621945481,69.67772079423266,1.0,2.0,4.0,1.0,4.0,1.0,0.0,0
GP-1141,80.48922658484726,77.10287589578097,49.96698666933119,50.16475177297548,3.0,4.0,5.0,5.0,4.0,1.0,1.0,0
GP-1142,50.00211738592685,60.27689901683627,62.99175504792013,59.88767657538727,2.0,1.0,2.0,4.0,2.0,0.0,1.0,0
GP-1143,79.40816746443194,51.958524819652936,80.52410079201437,80.7148965094097,2.0,0.0,3.0,3.0,3.0,1.0,0.0,0
GP-1144,78.8023667197184,46.071899138473114,68.91722692886374,58.35461523234014,2.0,1.0,4.0,2.0,2.0,0.0,0.0,0
GP-1145,75.08126872940117,60.64995579379353,74.70681533633086,60.72631579244142,3.0,2.0,2.0,4.0,0.0,0.0,1.0,1
GP-1146,78.49025694280904,80.9666654746069,75.99457572402996,73.23980151709114,1.0,3.0,5.0,3.0,1.0,0.0,1.0,1
GP-1147,88.53250817852222,74.71051195351068,63.07073147632728,86.09910410571119,0.0,0.0,1.0,3.0,1.0,0.0,0.0,0
GP-1148,68.31253882925641,68.17647799099394,44.04636070827918,99.0,3.0,1.0,4.0,5.0,3.0,0.0,1.0,1
GP-1149,44.03380704546308,51.867380529012706,58.96750667477571,73.81317791871501,3.0,2.0,3.0,1.0,4.0,0.0,1.0,0
GP-1150,51.919439101995714,65.12750275112127,72.68367974903788,66.82305934246784,0.0,0.0,2.0,2.0,1.0,0.0,1.0,0
GP-1151,59.92322619192068,80.5931533087143,79.93585637226721,47.51767050256255,1.0,5.0,4.0,5.0,3.0,0.0,0.0,1
GP-1152,74.2667303592175,72.84673814103337,63.61349208666153,82.01085397279189,3.0,1.0,5.0,1.0,1.0,1.0,0.0,0
GP-1153,88.43579163085903,71.40295627437722,76.52766046522446,66.4323429816294,0.0,3.0,2.0,5.0,1.0,1.0,0.0,1
GP-1154,79.196907444774,50.5656295368613,76.1922849353993,83.08293113252854,2.0,0.0,4.0,4.0,1.0,1.0,0.0,1
GP-1155,67.71083107234894,71.88961868103922,63.0599456323163,69.81422156492464,1.0,1.0,4.0,5.0,2.0,0.0,1.0,0
GP-1156,82.6530177648692,70.16070446327808,77.71610105938825,67.7569274304537,3.0,2.0,1.0,1.0,0.0,1.0,0.0,1
GP-1157,58.51831335355719,49.1445286591715,67.37548854194496,69.75096299281296,1.0,1.0,4.0,2.0,2.0,0.0,0.0,0
GP-1158,66.63690957167564,74.92302474137158,52.74239695241179,71.55427460278682,2.0,5.0,3.0,1.0,3.0,1.0,0.0,0
GP-1159,70.26555306514805,81.54946779529607,77.48883266109327,72.54510437706317,3.0,1.0,1.0,1.0,2.0,0.0,0.0,0
GP-1160,68.427511212264,63.39141774407369,73.38691987597944,72.84362196380992,2.0,0.0,4.0,2.0,4.0,1.0,0.0,0
GP-1161,56.80694125063553,75.83971392700613,71.17667894513039,78.58874276440086,3.0,5.0,4.0,4.0,2.0,1.0,0.0,1
GP-1162,68.59789412389453,73.60681318288945,69.0861722615919,59.8442583813506,2.0,5.0,3.0,4.0,0.0,1.0,0.0,1
GP-1163,46.745769218536964,63.77366119886194,69.4295314197273,93.6846431074043,2.0,2.0,5.0,3.0,1.0,0.0,0.0,1
GP-1164,69.99744398963996,86.00263755926915,70.15942052851312,43.84798425988009,1.0,4.0,1.0,3.0,3.0,0.0,0.0,0
GP-1165,78.99540858405834,72.65870249628917,65.74804682818433,66.14530293394806,3.0,5.0,2.0,4.0,1.0,1.0,0.0,1
GP-1166,92.86760387446215,83.09141051171815,72.53793044238724,46.57952534839766,2.0,0.0,5.0,4.0,2.0,1.0,0.0,0
GP-1167,77.77067813460103,71.26003362461059,40.609748502579755,73.96058975218182,1.0,1.0,1.0,4.0,0.0,0.0,1.0,0
GP-1168,87.06935041462742,79.21081668951409,81.60610908283424,51.944111759842684,0.0,5.0,2.0,4.0,1.0,1.0,0.0,1
GP-1169,64.99054653806962,65.25366675684502,77.59644020737781,66.75901549995586,0.0,3.0,4.0,1.0,1.0,0.0,0.0,0
GP-1170,75.67319165786132,72.74523486893352,76.97401836698504,71.37612431566355,3.0,3.0,1.0,4.0,0.0,0.0,0.0,1
GP-1171,84.11579738072682,78.60754024600975,68.96853015224193,47.05832261210821,0.0,4.0,5.0,2.0,0.0,1.0,0.0,0
GP-1172,85.02420116801163,86.46577316201933,62.391045177413794,87.37606998265048,2.0,4.0,4.0,4.0,4.0,0.0,0.0,1
GP-1173,60.98845711139811,58.035304571633496,60.86352568875385,40.495560885689635,0.0,0.0,2.0,1.0,0.0,1.0,0.0,0
GP-1174,86.32489480197931,51.99045642175904,80.88298208558636,59.278267459512996,1.0,0.0,4.0,5.0,3.0,0.0,1.0,1
GP-1175,76.02346616915345,67.90076121668659,56.063057920995135,81.35161492558704,2.0,4.0,2.0,2.0,1.0,1.0,0.0,1
GP-1176,56.16009148892167,67.34250515869758,79.86894281162557,60.41461060218869,0.0,5.0,4.0,5.0,1.0,1.0,1.0,1
GP-1177,78.88001827409923,63.7906592578652,65.41519223286227,79.98126762967233,0.0,5.0,5.0,3.0,0.0,1.0,0.0,1
GP-1178,65.74547832042953,76.70932691550802,76.32178320924324,83.22321368911828,1.0,4.0,4.0,2.0,3.0,1.0,0.0,1
GP-1179,67.91780667716117,52.69704660552519,68.59406659638097,76.2530389314004,3.0,5.0,5.0,1.0,4.0,1.0,0.0,0
GP-1180,82.75732879016425,69.8109877910239,63.57213106142781,74.04432409738794,3.0,3.0,5.0,4.0,4.0,1.0,0.0,1
GP-1181,70.13142062318012,77.92833204710342,72.10429058720648,58.64383211164054,0.0,5.0,4.0,1.0,2.0,0.0,1.0,0
GP-1182,98.0,53.814831052970035,70.66479632244555,81.94731071468891,3.0,4.0,5.0,3.0,1.0,0.0,1.0,1
GP-1183,88.86737019204386,58.794191299409675,69.0622224189704,80.26012643204928,3.0,2.0,1.0,3.0,0.0,1.0,1.0,1
GP-1184,64.43188343745211,66.26216292097132,76.0703144385329,55.948430524328884,2.0,5.0,5.0,2.0,3.0,0.0,1.0,0
GP-1185,64.48369975673239,62.39827477643273,71.99105500807977,50.23052035247497,1.0,0.0,1.0,1.0,0.0,0.0,0.0,0
GP-1186,80.75312324068666,72.96998596299295,72.57529691973322,87.209377057161,0.0,2.0,4.0,4.0,4.0,1.0,1.0,1
GP-1187,62.068238122353364,57.21241942268098,61.055586652619056,75.89283474738284,3.0,2.0,3.0,1.0,0.0,0.0,0.0,0
GP-1188,95.24998957789253,48.783377290317276,58.7718019792926,79.83075908528568,2.0,3.0,1.0,3.0,1.0,1.0,1.0,1
GP-1189,58.53926755356809,81.90116511662815,75.94595473541584,66.03690852556532,3.0,0.0,1.0,1.0,1.0,1.0,1.0,1
GP-1190,75.78315219356804,81.48157288042044,68.03882878453929,72.57694835287377,2.0,1.0,1.0,2.0,0.0,0.0,1.0,1
GP-1191,68.40042351024294,72.53235083568028,91.74253561195351,79.55732661632034,3.0,3.0,5.0,1.0,2.0,1.0,0.0,1
GP-1192,57.33197195573,78.04320021328033,74.36443869018859,65.7708312967721,2.0,2.0,3.0,3.0,2.0,0.0,1.0,1
GP-1193,72.42621572597201,74.32347653874352,54.51367119994848,79.36080066572545,1.0,5.0,3.0,3.0,0.0,0.0,0.0,1
GP-1194,59.325037217733794,45.53516258947978,70.1779374374133,91.88136889465224,3.0,1.0,3.0,3.0,0.0,1.0,0.0,1
GP-1195,91.50910182148165,71.61045046413129,67.60973691565918,65.86795034043539,2.0,5.0,2.0,2.0,0.0,0.0,0.0,1
GP-1196,52.124256988205985,55.99678580849525,63.94447860802219,80.58095624582712,0.0,4.0,5.0,3.0,4.0,1.0,0.0,0
GP-1197,58.14101583689564,44.18021676387559,66.58046359499042,94.8832569486593,2.0,0.0,2.0,2.0,4.0,0.0,0.0,0
GP-1198,64.59370271662581,82.37183609566435,81.31533981961141,55.53607758642163,2.0,3.0,4.0,1.0,3.0,1.0,0.0,0
GP-1199,78.40312600847885,60.341473164808306,51.63657209102662,74.76990294099014,1.0,1.0,1.0,5.0,4.0,1.0,1.0,0
GP-1200,51.72410995123548,67.66218417988426,77.93444863026681,48.996912246232625,1.0,1.0,1.0,4.0,3.0,1.0,1.0,0
GP-1201,69.9857138403429,83.39662003619392,65.73957197937774,92.2371975948894,2.0,5.0,4.0,2.0,1.0,0.0,1.0,1
GP-1202,65.83061590783275,87.06670675123985,50.05500075744585,95.5740993895356,3.0,1.0,2.0,5.0,0.0,1.0,0.0,1
GP-1203,92.71025319433727,75.4280883505281,93.40688551808685,65.68637384150826,1.0,4.0,3.0,1.0,3.0,1.0,1.0,1
GP-1204,77.10436221386828,86.40098796426818,96.3928712943207,65.7004215851754,2.0,4.0,2.0,2.0,0.0,1.0,0.0,1
GP-1205,54.665480411753414,73.50792504438203,95.44324832785492,88.03096443371074,2.0,1.0,3.0,5.0,3.0,1.0,1.0,1
GP-1206,73.48135443595731,62.80076890455288,57.97635115389778,57.527455128594156,2.0,1.0,2.0,1.0,2.0,1.0,0.0,0
GP-1207,84.95215387678334,59.98786029362394,60.545115363525554,64.43141885155428,2.0,5.0,5.0,3.0,3.0,1.0,1.0,1
GP-1208,52.69331913409675,69.18534842984948,70.31526026813457,55.97021197028846,0.0,1.0,1.0,1.0,1.0,1.0,1.0,0
GP-1209,98.0,56.36936528836401,80.42850282617705,75.82031833395065,3.0,3.0,3.0,5.0,2.0,1.0,0.0,1
GP-1210,54.753416428048624,77.39466861050896,67.02751797107767,39.85153999263535,2.0,3.0,1.0,4.0,0.0,0.0,0.0,0
GP-1211,73.68393071193249,75.66605905284727,66.48389915479578,47.25978864610846,2.0,3.0,3.0,1.0,3.0,1.0,1.0,0
GP-1212,68.37957318364458,51.01454845439956,80.61074314951753,63.070766023660376,3.0,0.0,2.0,3.0,1.0,1.0,1.0,0
GP-1213,74.99515190985738,62.13726462924359,85.95732504857399,70.3442293188198,1.0,1.0,5.0,4.0,2.0,0.0,1.0,1
GP-1214,80.5805470801208,67.75792202531206,61.952924271095874,65.45172814929818,3.0,4.0,1.0,5.0,0.0,0.0,1.0,0
GP-1215,67.57269818099037,62.54305127002938,59.730513134998745,66.18502550983096,2.0,4.0,3.0,4.0,1.0,1.0,0.0,0
GP-1216,70.34129042156667,78.54473975004774,89.13524696610841,68.52805383254882,2.0,0.0,3.0,2.0,4.0,0.0,0.0,0
GP-1217,65.31953101126237,73.07132972719432,86.00479100996066,74.37939922549035,0.0,2.0,1.0,4.0,4.0,1.0,1.0,1
GP-1218,55.51721340467739,61.590640443556225,55.40132097371284,54.941356244963636,1.0,4.0,5.0,4.0,3.0,0.0,1.0,0
GP-1219,68.95146639029335,65.32419189802154,65.03206105490638,80.13065940852022,2.0,4.0,4.0,4.0,1.0,1.0,1.0,1
GP-1220,66.2937821843095,84.33049983996021,75.5846380468814,63.52611367265847,2.0,0.0,2.0,3.0,4.0,1.0,0.0,0
GP-1221,76.652892548359,56.94725089466873,74.34546818253511,80.64584400853347,3.0,3.0,2.0,2.0,0.0,1.0,1.0,1
GP-1222,58.33511483879595,67.78600096082113,67.48032112088467,59.69636264896207,0.0,0.0,4.0,3.0,3.0,1.0,1.0,0
GP-1223,61.556092845108864,57.32169549258771,40.0,91.65297672998085,0.0,3.0,3.0,4.0,1.0,0.0,0.0,0
GP-1224,65.36247876097589,61.696765147027016,57.286320715042656,39.83842156387242,1.0,4.0,2.0,2.0,3.0,1.0,1.0,0
GP-1225,77.64867108309413,85.83470090106,53.31064842057985,74.33608551479976,0.0,1.0,1.0,2.0,4.0,1.0,0.0,0
GP-1226,56.23358436041518,56.38851337599307,69.75536679122877,53.881055105354505,2.0,5.0,5.0,2.0,4.0,1.0,0.0,0
GP-1227,47.83019284865842,72.44691700791441,74.56552458702627,71.45740860906174,1.0,1.0,3.0,2.0,4.0,1.0,1.0,0
GP-1228,58.07560134884753,75.01558065672464,60.96130184478323,81.34684400706173,0.0,4.0,5.0,3.0,3.0,0.0,1.0,0
GP-1229,82.48546484270392,61.71896092913644,80.10520452211031,80.7768596635707,0.0,4.0,4.0,2.0,2.0,0.0,1.0,1
GP-1230,66.58546827318926,61.69437986045111,82.98665913169356,80.35128048049387,0.0,4.0,3.0,4.0,0.0,0.0,1.0,1
GP-1231,74.50395020120656,60.878056480415516,75.64005879304297,86.40624228681276,0.0,2.0,2.0,1.0,1.0,1.0,0.0,0
GP-1232,67.01964316512368,68.16926386620747,61.591551772711775,43.34077204296272,1.0,5.0,2.0,3.0,1.0,1.0,0.0,0
GP-1233,87.76428743576372,54.67899080606823,65.59483915096048,75.55507387698391,1.0,5.0,4.0,5.0,2.0,1.0,1.0,1
GP-1234,72.88419735922214,63.558085929917524,78.15440047717593,37.58377403925127,3.0,5.0,2.0,3.0,1.0,0.0,1.0,1
GP-1235,63.203295093537086,78.41104762225294,62.48922285309472,69.47576739929806,3.0,4.0,3.0,3.0,3.0,0.0,1.0,1
GP-1236,76.88880531961644,80.2809542164129,80.06556954203455,82.36273598803909,0.0,4.0,1.0,1.0,2.0,0.0,0.0,0
GP-1237,63.816394829902165,58.75322344626685,70.85561606871065,86.28189372642926,0.0,3.0,3.0,5.0,0.0,0.0,0.0,1
GP-1238,85.42540665729027,63.50209578731903,84.36130149539571,81.05101336594907,2.0,3.0,5.0,1.0,3.0,0.0,1.0,1
GP-1239,78.4431416343422,80.05754905024902,64.73579200861914,66.56368531226195,1.0,1.0,5.0,1.0,2.0,1.0,0.0,0
GP-1240,65.86154876699945,55.53893960704159,78.9300295049058,75.01739136023562,3.0,2.0,3.0,3.0,0.0,1.0,0.0,1
GP-1241,69.51659940702926,48.73294720947658,92.23310695550468,76.33782741480091,0.0,5.0,2.0,3.0,0.0,0.0,0.0,1
GP-1242,72.53790155748966,79.50089182983899,93.24212275720875,94.90447002612986,1.0,0.0,3.0,3.0,4.0,0.0,0.0,0
GP-1243,78.36589357101226,66.35347426566744,90.19513584640252,56.8363803379401,0.0,3.0,2.0,1.0,3.0,0.0,0.0,0
GP-1244,86.85790897125248,65.45049890606609,78.10974509310205,49.02884737585748,0.0,0.0,4.0,1.0,1.0,1.0,0.0,0
GP-1245,57.872569060603844,75.41508887317114,73.10406715115185,64.16907151441947,3.0,2.0,4.0,1.0,4.0,1.0,1.0,0
GP-1246,58.27926588081952,74.35973584682468,60.81064775923417,51.46589186271525,2.0,0.0,5.0,1.0,1.0,1.0,1.0,0
GP-1247,50.58980374859656,63.23418535379983,82.17186053396055,86.7769996499735,2.0,0.0,3.0,4.0,1.0,0.0,1.0,1
GP-1248,67.44187171982746,79.46261677192796,40.2153531306294,73.43549235084917,3.0,1.0,1.0,4.0,4.0,0.0,1.0,0
GP-1249,82.47535821268399,52.63842487124459,68.9441188218041,81.49202285451612,3.0,4.0,1.0,1.0,2.0,0.0,0.0,1
GP-1250,59.08904387642541,78.17953840067707,66.8445155139481,82.24399431368484,0.0,3.0,3.0,3.0,4.0,1.0,1.0,0
GP-1251,65.57727118578515,62.79298165374783,79.03721902710268,94.70311628689332,0.0,2.0,1.0,5.0,1.0,0.0,1.0,1
GP-1252,60.663970311342325,40.0,81.69218436116778,76.62999572800271,0.0,1.0,4.0,2.0,2.0,1.0,0.0,0
GP-1253,64.52934405436946,45.88281307558144,47.88594937052897,69.87923622639988,1.0,5.0,5.0,4.0,4.0,1.0,0.0,0
GP-1254,73.85386691741094,54.05683548975327,70.48505043547712,79.61259189789274,0.0,5.0,1.0,3.0,0.0,1.0,0.0,0
GP-1255,63.45126723983161,61.13370897792461,66.7208951621536,71.57369370099039,0.0,5.0,5.0,4.0,3.0,1.0,0.0,0
GP-1256,72.84852226614098,82.25756285592702,65.47405879440551,95.54232780993928,0.0,2.0,3.0,1.0,2.0,0.0,0.0,1
GP-1257,73.28988313089913,79.08752115580538,51.25482286618037,77.48846058776148,0.0,5.0,4.0,5.0,1.0,0.0,1.0,1
GP-1258,87.15814143990501,42.740841061967956,62.659941654819825,41.98485057196946,0.0,5.0,1.0,1.0,3.0,1.0,0.0,0
GP-1259,77.97460776474234,61.072781393325,47.25032369327019,76.04055035259012,2.0,2.0,5.0,3.0,1.0,0.0,1.0,1
GP-1260,86.46232747286598,64.26815397939664,72.095080849317,62.18532515466066,3.0,1.0,1.0,1.0,3.0,0.0,1.0,0
GP-1261,75.65952583015086,44.97240862529205,72.57123582057554,60.0001934965396,3.0,5.0,3.0,4.0,0.0,0.0,0.0,1
GP-1262,69.76178274588246,64.47546934519302,85.81932355275194,73.97801230659873,2.0,2.0,2.0,5.0,2.0,0.0,0.0,1
GP-1263,60.69070625431097,84.52832019911334,70.28424141571698,57.89133284862967,1.0,2.0,4.0,5.0,1.0,1.0,0.0,1
GP-1264,40.0,67.57217967458067,76.00793662145676,55.863061314245705,3.0,3.0,2.0,2.0,2.0,1.0,1.0,0
GP-1265,54.32713653934792,81.35667723949084,54.76212604578947,44.0430805693752,1.0,4.0,5.0,2.0,1.0,0.0,1.0,0
GP-1266,66.14553174493568,66.30744151606518,57.27047050503103,73.96578891969098,3.0,0.0,5.0,1.0,2.0,0.0,1.0,1
GP-1267,80.25401455442042,67.98586560531263,66.73173276730691,63.1113191202086,1.0,5.0,1.0,2.0,3.0,1.0,0.0,0
GP-1268,91.62732913166158,61.98256777050733,69.28352235347013,54.88246810872923,2.0,1.0,1.0,1.0,1.0,1.0,1.0,0
GP-1269,74.36091531367393,67.14777307478802,63.49298696339934,70.78637641986953,2.0,2.0,1.0,2.0,4.0,1.0,1.0,0
GP-1270,88.51337252132913,44.29897121071012,77.66123197797772,79.49727171833916,2.0,4.0,5.0,4.0,4.0,0.0,0.0,1
GP-1271,73.69401642341842,62.36734589455467,66.59692148344992,74.16098405311772,3.0,5.0,3.0,1.0,0.0,1.0,1.0,1
GP-1272,77.94774675247743,79.14721276943874,57.255772206883044,87.11670627430281,0.0,3.0,5.0,2.0,1.0,1.0,1.0,1
GP-1273,68.39899813677226,70.55071274490658,66.9125809000162,96.84746644823878,3.0,1.0,3.0,3.0,1.0,1.0,0.0,1
GP-1274,72.68208968925838,65.45941977830016,68.36698637412519,91.35865609995905,2.0,4.0,4.0,2.0,3.0,0.0,0.0,0
GP-1275,52.59207454703808,64.75651319615083,64.17827306815053,83.67609848163207,1.0,4.0,4.0,2.0,1.0,0.0,0.0,1
GP-1276,52.17876234206283,82.1998389441834,66.48221493660482,57.72243793062019,0.0,5.0,5.0,1.0,1.0,0.0,1.0,0
GP-1277,71.825170298303,74.77504283416133,70.87853928826257,61.32183793615296,1.0,4.0,2.0,1.0,1.0,0.0,1.0,0
GP-1278,76.54279237544819,72.92935095895774,72.98088328178105,91.1559929215116,1.0,2.0,2.0,1.0,0.0,1.0,1.0,1
GP-1279,57.51367502176356,53.29537561074537,80.16129419913719,38.85777591636569,2.0,0.0,1.0,4.0,3.0,1.0,1.0,0
GP-1280,76.61054864868242,82.0325420631372,62.44196786795165,83.63831322079943,0.0,0.0,2.0,3.0,1.0,0.0,0.0,0
GP-1281,47.97910095589626,66.60060053845905,72.40901219633047,79.95605291232147,3.0,4.0,4.0,4.0,0.0,0.0,1.0,1
GP-1282,67.30031358835808,98.0,54.366084607167835,80.95485106945128,1.0,0.0,5.0,1.0,3.0,1.0,0.0,0
GP-1283,81.3700452055555,80.13171752918711,71.36878632334951,55.69777271958614,1.0,4.0,5.0,2.0,4.0,1.0,1.0,1
GP-1284,64.32604781991698,59.889779546891816,61.036131544849525,50.833741498274044,0.0,4.0,4.0,1.0,2.0,0.0,0.0,0
GP-1285,65.99313335330724,61.586430587848966,67.0398054016548,82.08622856079965,0.0,3.0,5.0,5.0,1.0,0.0,0.0,1
GP-1286,73.12576489025908,69.15905340060766,80.19588416778564,79.07537704600414,3.0,5.0,3.0,5.0,0.0,0.0,0.0,1
GP-1287,45.79944852242719,65.93925967060767,76.95178080540015,60.94539053866834,1.0,4.0,3.0,3.0,3.0,1.0,1.0,1
GP-1288,73.72506668615831,61.73613068619434,74.47663889576995,77.96805756990146,1.0,3.0,1.0,2.0,2.0,0.0,1.0,1
GP-1289,73.09100539530111,53.2041044813317,59.51315119611618,69.29765319836768,3.0,1.0,5.0,4.0,4.0,0.0,0.0,0
GP-1290,53.39432210714764,55.30875383729827,75.07023195170477,62.63618704837429,0.0,5.0,5.0,4.0,2.0,1.0,1.0,1
GP-1291,75.01833711093111,83.3593847097373,54.30372348338303,56.11856592926709,3.0,4.0,4.0,5.0,2.0,1.0,1.0,1
GP-1292,81.16323463357497,70.13045282579084,62.40740270743185,79.11907631259878,1.0,4.0,2.0,1.0,4.0,1.0,1.0,0
GP-1293,61.73456624556326,65.18410029592114,92.08849342556282,70.69660238930247,1.0,4.0,4.0,4.0,2.0,1.0,0.0,1
GP-1294,59.138834307978044,81.23732141003778,81.84249825885485,75.50642359331066,0.0,2.0,4.0,1.0,1.0,0.0,1.0,0
GP-1295,79.35834560928754,46.50459600453608,69.30473819772047,71.7257500663435,0.0,0.0,4.0,3.0,4.0,1.0,1.0,0
GP-1296,89.55215640235282,72.18655829833239,77.86389148099272,61.87813702219199,3.0,3.0,1.0,5.0,2.0,0.0,0.0,1
GP-1297,57.60812036867381,66.56700630623887,74.87489843789231,65.49946418163299,2.0,4.0,1.0,3.0,0.0,0.0,1.0,0
GP-1298,64.69916745612338,77.09609399360146,86.74241537197979,48.699294305849136,0.0,0.0,1.0,3.0,4.0,1.0,1.0,0
GP-1299,49.29033442174523,67.16416823819378,58.461975192094094,75.78916062667,2.0,2.0,4.0,2.0,3.0,0.0,0.0,0
GP-1300,67.35303668777784,65.18071975176213,65.91667199279411,60.109280421742646,3.0,0.0,1.0,2.0,3.0,0.0,0.0,0
GP-1301,71.82251617332699,86.05444310085765,62.28296293918164,49.890525911242094,3.0,0.0,1.0,4.0,0.0,0.0,1.0,0
GP-1302,65.92324472767085,76.12132503582345,69.32845496407721,82.87776515583434,3.0,4.0,3.0,4.0,3.0,1.0,0.0,1
GP-1303,72.37882546627051,45.68511706166772,63.38500990248536,52.89816311042992,2.0,1.0,4.0,5.0,2.0,1.0,1.0,0
GP-1304,75.26043826034278,70.6573695391169,61.182012695402015,82.60595088741795,1.0,0.0,1.0,1.0,3.0,1.0,1.0,0
GP-1305,56.68402420138573,70.8105908211,91.59212201215159,63.16211911643408,1.0,5.0,1.0,1.0,0.0,1.0,0.0,1
GP-1306,61.744477289964664,67.47632228201678,59.933264781872815,76.74061511032252,1.0,0.0,5.0,1.0,2.0,1.0,1.0,0
GP-1307,71.65214155783934,68.74904361926403,62.92024313801155,72.81138650313245,0.0,0.0,4.0,3.0,0.0,1.0,1.0,1
GP-1308,73.30746224388982,56.049351896917585,77.24445533815276,70.04335672042683,2.0,3.0,3.0,5.0,1.0,1.0,1.0,1
GP-1309,67.62033450901376,63.28826472107498,80.25626137264095,56.45290821682025,3.0,0.0,5.0,5.0,2.0,0.0,1.0,1
GP-1310,91.43888937435437,70.2089104260839,63.84846307334222,63.12179210900021,0.0,4.0,1.0,2.0,0.0,0.0,0.0,0
GP-1311,80.46192832825845,65.76204639648104,81.29140775869197,60.280847417030174,0.0,2.0,2.0,3.0,2.0,0.0,0.0,0
GP-1312,76.81860707770797,75.03543815607311,78.70959531740456,61.08621437018698,1.0,2.0,2.0,3.0,0.0,0.0,0.0,0
GP-1313,61.79890453030521,70.51993673863483,64.5147184965612,40.568099207022975,2.0,2.0,5.0,4.0,0.0,1.0,0.0,0
GP-1314,68.62822528544925,98.0,57.67973450713094,51.2027663745342,2.0,1.0,5.0,2.0,3.0,0.0,1.0,0
GP-1315,67.58174540658855,98.0,67.81220011532855,52.03588487384603,0.0,5.0,4.0,5.0,1.0,0.0,1.0,1
GP-1316,60.37760910319657,83.75198083217646,51.38052272874545,83.35466817941969,2.0,5.0,4.0,4.0,0.0,1.0,0.0,1
GP-1317,91.51208342650921,69.817547173257,84.052606545669,60.92599580381271,2.0,3.0,1.0,5.0,0.0,1.0,1.0,1
GP-1318,54.653657289384206,65.38412430297534,75.16919350232173,88.30796627915147,0.0,2.0,2.0,3.0,2.0,0.0,0.0,0
GP-1319,64.28468433230591,46.57939969381806,64.92628912429439,57.07626818701897,1.0,0.0,1.0,1.0,4.0,1.0,0.0,0
GP-1320,71.94284887670845,72.82348125055807,68.51275016087767,64.72892239604631,3.0,5.0,5.0,5.0,1.0,0.0,1.0,1
GP-1321,64.2180427148361,71.28619330106267,72.89406315807419,94.25893736736683,1.0,4.0,5.0,3.0,3.0,0.0,1.0,1
GP-1322,68.2118205757194,41.04212710018196,75.34080618896249,72.54373593404618,3.0,0.0,5.0,4.0,1.0,0.0,0.0,0
GP-1323,66.05343290860989,54.143104363622875,61.077508814317206,91.34680551667043,1.0,2.0,3.0,5.0,1.0,1.0,1.0,1
GP-1324,75.61644516727611,73.26271758310563,71.91207353892152,52.468603960935106,2.0,1.0,3.0,2.0,1.0,1.0,1.0,1
GP-1325,67.48770887777575,40.0,59.97959639562178,76.46899193407202,2.0,0.0,3.0,3.0,1.0,1.0,0.0,0
GP-1326,62.4736160357225,78.50805853639469,75.28649169310141,79.02978144175785,1.0,3.0,5.0,3.0,3.0,0.0,1.0,1
GP-1327,61.68595201092636,63.75233771275802,88.15010212028376,66.25395372580127,3.0,2.0,1.0,1.0,3.0,0.0,0.0,0
GP-1328,55.637597670499616,64.85433769118221,55.59263026056691,61.74584937546179,2.0,2.0,4.0,4.0,3.0,1.0,0.0,0
GP-1329,51.40070956934426,79.0273933952274,67.60702578647492,80.93333931472975,2.0,3.0,1.0,4.0,3.0,0.0,1.0,0
GP-1330,85.85708511461708,67.9335873734214,81.43805870770609,61.142238536394615,1.0,2.0,5.0,3.0,3.0,0.0,1.0,0
GP-1331,93.03867776225681,65.61171003296909,75.73003224275227,60.10196858779621,1.0,2.0,4.0,3.0,1.0,1.0,1.0,1
GP-1332,61.22893576179038,51.87034649918247,66.4832618601001,75.26057786271453,2.0,5.0,1.0,4.0,1.0,1.0,0.0,1
GP-1333,67.83151783606593,52.2529718636986,56.32258435291821,78.6284709982721,3.0,4.0,3.0,1.0,3.0,0.0,0.0,0
GP-1334,63.3548650098101,64.05388105765097,74.18696195452002,59.65394874602656,0.0,0.0,5.0,4.0,3.0,1.0,1.0,1
GP-1335,53.72032780768656,94.8743745435917,69.72664068860352,83.117761452254,0.0,1.0,1.0,4.0,2.0,0.0,1.0,1
GP-1336,54.54140390925735,58.629140340691755,51.72250408531403,65.92699542038604,2.0,4.0,1.0,1.0,4.0,0.0,1.0,0
GP-1337,79.00080312061954,64.7621292000447,68.32132602242402,66.53779066827515,1.0,3.0,1.0,2.0,2.0,1.0,0.0,0
GP-1338,69.91386325686152,57.56410160023481,88.3797254521598,84.98071488848733,0.0,4.0,2.0,2.0,4.0,1.0,0.0,0
GP-1339,78.62762090261958,49.82607641187312,55.78967309217873,49.062525147115394,1.0,1.0,4.0,4.0,1.0,0.0,1.0,0
GP-1340,98.0,83.33285663156569,78.52133488767174,59.64731547477522,0.0,4.0,3.0,4.0,4.0,0.0,1.0,0
GP-1341,78.77615221461186,73.42392490373892,54.89817008119055,84.55998377222477,1.0,3.0,5.0,4.0,2.0,1.0,0.0,1
GP-1342,75.85019815697152,46.11919399678716,74.36537363865331,60.1687313899407,1.0,0.0,3.0,1.0,3.0,0.0,0.0,0
GP-1343,83.96625835127844,60.34441000314141,48.428669088535436,71.39167508065837,1.0,3.0,2.0,2.0,4.0,1.0,0.0,0
GP-1344,55.73761053762483,78.52103217970782,63.32427860844488,75.35154041048327,3.0,0.0,5.0,3.0,4.0,1.0,1.0,1
GP-1345,91.57132249858837,54.4908878381498,59.550981315308185,67.42850523456347,0.0,4.0,1.0,1.0,0.0,0.0,0.0,0
GP-1346,59.535416300327924,58.77772980299795,68.5321503299884,79.94704198942166,1.0,0.0,2.0,3.0,0.0,0.0,1.0,0
GP-1347,86.78268667308618,61.28945410954256,51.7113925385732,81.77860996884789,0.0,0.0,4.0,2.0,3.0,1.0,0.0,0
GP-1348,52.978084361452986,40.0,72.94510754611277,62.8105159303094,3.0,5.0,1.0,2.0,2.0,0.0,1.0,0
GP-1349,85.38825913695703,71.69958263482626,74.02428930489387,79.65583951524164,0.0,3.0,2.0,5.0,1.0,1.0,0.0,1
GP-1350,71.71392259205136,60.90085259614271,70.8077510206279,67.20515125067591,2.0,0.0,5.0,3.0,1.0,1.0,0.0,0
GP-1351,82.85036074415002,72.80735799446946,66.78375442521401,51.45761415049846,1.0,3.0,4.0,1.0,4.0,0.0,1.0,0
GP-1352,91.36654299871546,60.8211844880202,71.2969912139692,93.29163740309886,3.0,2.0,4.0,4.0,2.0,0.0,1.0,1
GP-1353,57.09576250683455,78.881596846449,70.45432701550159,76.34020619300962,3.0,1.0,3.0,2.0,3.0,0.0,1.0,0
GP-1354,61.161534555217365,70.60296169970653,59.26906973773057,72.42080559521702,0.0,5.0,1.0,5.0,2.0,1.0,1.0,1
GP-1355,57.89692137660489,73.43274545118827,60.99959628901956,54.53722008601972,0.0,2.0,3.0,5.0,4.0,0.0,1.0,0
GP-1356,56.28501345206943,51.22392224857658,69.71787325067174,47.399364572352965,3.0,3.0,5.0,3.0,3.0,1.0,0.0,0
GP-1357,76.78285124670016,64.7667978941793,74.69993441197784,74.81090511546913,3.0,1.0,4.0,3.0,1.0,1.0,1.0,1
GP-1358,75.3782021531114,73.04086168048426,78.38568342013502,99.0,3.0,1.0,2.0,3.0,2.0,1.0,1.0,1
GP-1359,66.95040046584539,73.07737625325193,73.26461225624863,80.03508722764758,3.0,0.0,2.0,1.0,4.0,0.0,1.0,0
GP-1360,79.07793048649265,94.61801247759479,40.0,60.73280236623813,0.0,1.0,4.0,1.0,4.0,0.0,1.0,0
GP-1361,59.16684400201959,55.54293425438138,64.1185295477475,95.83524115460065,1.0,4.0,4.0,5.0,1.0,0.0,0.0,1
GP-1362,43.83625459414456,85.95512678313149,78.82880517251566,82.7659287229956,2.0,0.0,1.0,5.0,1.0,0.0,1.0,0
GP-1363,46.96104242681483,80.08596818229174,74.9375612182286,78.18495629254902,2.0,2.0,5.0,2.0,2.0,0.0,0.0,0
GP-1364,76.97114064413124,53.21164446053966,66.74160754417613,66.36131306488751,0.0,5.0,4.0,2.0,3.0,1.0,0.0,0
GP-1365,79.3703715081354,75.5726875148085,50.579858175077426,73.57884668876424,2.0,2.0,3.0,2.0,3.0,1.0,1.0,1
GP-1366,64.97151724622643,66.24210273183688,57.64549023531347,83.62682207498865,0.0,5.0,3.0,3.0,1.0,1.0,0.0,1
GP-1367,75.96794477233868,58.79911604008046,68.34815701312691,59.45319018149055,1.0,4.0,5.0,4.0,4.0,0.0,1.0,0
GP-1368,70.4650990136553,87.5181447726047,71.63629078749194,76.57629552301667,1.0,5.0,1.0,2.0,3.0,0.0,1.0,1
GP-1369,67.1594907317216,72.00180279526931,78.14047571326383,41.55343487329853,0.0,4.0,2.0,2.0,0.0,1.0,0.0,0
GP-1370,71.01365843779278,61.5574549312521,79.28093651806631,76.65631469540905,1.0,0.0,5.0,1.0,3.0,0.0,1.0,0
GP-1371,63.81837859975685,68.48245828991125,84.34709072194745,59.855842593429216,1.0,5.0,4.0,3.0,1.0,1.0,0.0,1
GP-1372,47.76615450422923,68.47668137787366,57.077236521726356,62.25889970146493,1.0,2.0,2.0,1.0,3.0,0.0,1.0,0
GP-1373,98.0,68.75203151749118,48.553394578505475,99.0,2.0,4.0,3.0,2.0,4.0,1.0,1.0,1
GP-1374,69.8726836950635,56.716654957488444,67.42025683421505,30.0,1.0,5.0,4.0,1.0,1.0,1.0,0.0,0
GP-1375,64.7173506064559,75.28236161013362,77.20661497862793,70.91444234159131,1.0,3.0,1.0,2.0,3.0,0.0,0.0,0
GP-1376,54.18414079873277,74.46005245637674,75.07241254406209,59.28920308770877,3.0,2.0,3.0,4.0,2.0,0.0,1.0,0
GP-1377,57.09656591216611,69.23837198878256,74.27158063897201,46.20558851905007,1.0,4.0,5.0,1.0,4.0,1.0,0.0,0
GP-1378,79.64121431786262,80.9368412859776,57.97096963722977,61.583994978433296,2.0,1.0,2.0,1.0,1.0,0.0,1.0,0
GP-1379,64.59099040832675,60.32025462377031,68.07149022363132,62.84793636468747,2.0,4.0,3.0,5.0,4.0,1.0,0.0,0
GP-1380,63.17947942197364,72.7083328591292,65.70720191025676,70.8007704077207,1.0,0.0,3.0,2.0,2.0,0.0,1.0,0
GP-1381,50.0152874319109,58.6421503103926,82.14241090287328,65.52233371400752,2.0,0.0,5.0,3.0,0.0,1.0,1.0,1
GP-1382,67.59371780616004,64.88355915568876,67.71236435479702,80.34567152812681,2.0,5.0,4.0,4.0,3.0,1.0,0.0,1
GP-1383,65.80723341137428,60.13733229276286,66.00905073538877,71.59923723583267,3.0,2.0,5.0,3.0,4.0,0.0,0.0,0
GP-1384,61.78263023772172,91.20582863629899,81.0154086673265,55.538667055337015,1.0,1.0,3.0,5.0,1.0,1.0,0.0,1
GP-1385,58.12256698035122,75.47208010206967,66.4557302536521,43.08011915427457,0.0,4.0,3.0,2.0,4.0,0.0,0.0,0
GP-1386,71.6317914577941,67.70029655643042,53.22738725288136,60.093253209605514,0.0,1.0,2.0,3.0,0.0,1.0,0.0,0
GP-1387,65.00311446324892,60.10174816843448,51.24306469199694,71.35828730460857,3.0,1.0,4.0,1.0,0.0,1.0,1.0,1
GP-1388,77.82995852805243,72.77509883219354,84.60293108358786,82.03033717853259,1.0,5.0,5.0,3.0,1.0,0.0,1.0,1
GP-1389,71.74877020235158,64.77780837138215,66.86031524867211,85.2107442467912,0.0,0.0,1.0,2.0,3.0,1.0,1.0,0
GP-1390,63.63373141021972,60.70103508650145,74.44213796197623,66.06431697263122,0.0,5.0,2.0,3.0,2.0,1.0,1.0,1
GP-1391,70.70682934033579,79.22447673258367,57.99010657548604,66.37070244612018,3.0,2.0,4.0,2.0,1.0,0.0,1.0,1
GP-1392,89.87795407435117,56.84640576999456,82.29684124529336,58.45510734001269,0.0,2.0,5.0,4.0,2.0,0.0,0.0,1
GP-1393,59.56257915775156,76.04466530724534,62.565106284715306,68.3956208598778,1.0,5.0,2.0,4.0,4.0,1.0,0.0,0
GP-1394,81.52120497585943,67.89858213479468,97.87619034105136,87.55589012234185,0.0,3.0,2.0,4.0,4.0,1.0,1.0,1
GP-1395,76.10389231829329,61.05070491285983,68.09322350753814,56.3558026348256,0.0,2.0,4.0,2.0,2.0,1.0,0.0,0
GP-1396,70.30120486207629,54.4875575766774,59.1850902298873,71.06649698760876,2.0,3.0,3.0,2.0,1.0,0.0,0.0,0
GP-1397,80.8329099123354,76.95762968687171,67.79431500213829,38.04257203056383,0.0,4.0,3.0,2.0,2.0,0.0,1.0,0
GP-1398,53.72932725352943,77.02945990876349,73.03768979970698,80.32864738838691,3.0,2.0,4.0,3.0,0.0,0.0,0.0,1
GP-1399,48.860549093713374,80.89774168378338,65.91448883712093,63.122905707314864,1.0,1.0,1.0,5.0,0.0,0.0,0.0,0
GP-1400,74.5725679738847,74.30412465984764,65.82874701661817,53.75507938780211,3.0,3.0,3.0,5.0,2.0,1.0,1.0,1
GP-1401,92.12777630779775,73.29186229564189,71.2006498374253,85.31323113106689,0.0,2.0,2.0,5.0,0.0,0.0,1.0,1
GP-1402,98.0,83.61115436653121,62.71834281065837,58.75851870684342,0.0,3.0,5.0,3.0,1.0,0.0,1.0,1
GP-1403,55.64456323599427,49.427995190483315,54.010210886947554,60.33913257297583,2.0,4.0,1.0,1.0,0.0,1.0,0.0,0
GP-1404,67.71653068548451,47.3368061926363,77.28776031928149,63.50145207114793,0.0,5.0,4.0,2.0,0.0,1.0,0.0,1
GP-1405,63.54216125103923,80.5967958370146,58.99618575807869,97.9367233891051,1.0,3.0,1.0,4.0,0.0,0.0,0.0,1
GP-1406,91.21510823856907,71.04176997078353,66.62341402940737,79.66550899563399,1.0,4.0,5.0,3.0,2.0,1.0,1.0,1
GP-1407,65.48769321340487,72.86082003413871,98.0,78.37430638365262,3.0,4.0,1.0,4.0,4.0,0.0,0.0,1
GP-1408,74.94285802673745,76.89741250312103,69.74280890240021,61.878566851538636,3.0,3.0,5.0,1.0,2.0,0.0,1.0,1
GP-1409,70.06590349164124,68.84679965458943,54.71711326147224,75.17870445615361,1.0,5.0,4.0,4.0,1.0,1.0,0.0,0
GP-1410,70.40398857973736,53.738673654966505,79.93285075331121,71.8515414994183,1.0,4.0,1.0,5.0,1.0,0.0,1.0,1
GP-1411,73.75323625600547,98.0,75.38984076537636,72.50617041779753,0.0,5.0,1.0,1.0,1.0,0.0,0.0,0
GP-1412,73.0955468191491,78.49835319377951,78.61897900772507,50.629532476248656,1.0,2.0,4.0,5.0,2.0,1.0,0.0,0
GP-1413,81.82707695343898,67.30753890436226,53.29133102291981,50.79349547860331,1.0,2.0,4.0,2.0,0.0,1.0,1.0,0
GP-1414,87.47583143459502,68.55451418239166,66.9886721572269,88.17948398792052,0.0,4.0,2.0,4.0,2.0,1.0,1.0,1
GP-1415,72.37870655134876,72.014866894853,85.40065327528797,73.58124253988268,3.0,4.0,4.0,2.0,1.0,1.0,1.0,1
GP-1416,60.0132739840526,56.71705638088659,71.08107605732118,74.22023376294597,3.0,0.0,1.0,2.0,2.0,1.0,1.0,0
GP-1417,57.72138540588574,81.38085097505069,45.30821037291588,55.94195432685016,1.0,3.0,3.0,3.0,3.0,0.0,1.0,0
GP-1418,81.64825966150131,65.63270352914368,81.26495130775733,69.3607844168509,2.0,5.0,1.0,1.0,0.0,1.0,1.0,1
GP-1419,59.417695379395354,68.4349737415632,65.87608240707048,80.34591928547091,3.0,1.0,3.0,4.0,4.0,1.0,1.0,1
GP-1420,57.46746104231639,66.02523442851853,82.01109690169427,75.60074702394391,0.0,5.0,2.0,2.0,3.0,1.0,1.0,0
GP-1421,58.458309363855975,95.2843805354438,78.01598655948071,52.86453776159627,1.0,5.0,5.0,2.0,0.0,1.0,1.0,1
GP-1422,73.51184467102217,80.33145497178246,63.47432662415525,69.08220484290901,2.0,4.0,3.0,3.0,3.0,0.0,1.0,1
GP-1423,46.5275541534631,74.20436810822673,67.50157767932193,48.36501992841471,3.0,0.0,3.0,1.0,4.0,1.0,1.0,0
GP-1424,84.86942512428917,63.38574387602278,64.77562325900624,72.4482734926965,0.0,0.0,1.0,3.0,4.0,1.0,1.0,0
GP-1425,83.23739527715661,51.09341699806891,53.80358744172729,85.43045709904422,2.0,3.0,4.0,1.0,0.0,1.0,0.0,1
GP-1426,52.57314060066926,61.868031913413006,56.401346966812596,72.09750885460896,2.0,0.0,4.0,4.0,4.0,1.0,0.0,0
GP-1427,84.33030994673891,56.67154138877494,75.21191727629157,63.82011830202637,2.0,0.0,3.0,3.0,2.0,0.0,1.0,0
GP-1428,81.94178991021674,83.39668298290383,60.72913598574844,72.1243807968027,1.0,0.0,3.0,5.0,1.0,0.0,1.0,1
GP-1429,49.810899856575354,62.74670043092259,44.82139361796759,74.0209977667993,1.0,5.0,5.0,1.0,1.0,0.0,0.0,0
GP-1430,76.56132205686463,79.21531832233629,71.98840641771969,62.7017433723032,1.0,3.0,3.0,2.0,3.0,0.0,1.0,0
GP-1431,62.11682341249581,72.88827054100851,72.76386912900718,79.58202531502161,1.0,1.0,1.0,2.0,3.0,0.0,1.0,0
GP-1432,85.24387130993333,68.63214342342046,90.08197956244446,60.592064407530124,3.0,3.0,2.0,5.0,2.0,1.0,0.0,1
GP-1433,81.40259005863973,72.85383643717245,70.44128627248237,85.0708347860059,0.0,2.0,3.0,4.0,4.0,0.0,1.0,0
GP-1434,65.47752777491674,62.17140418585637,78.19543363622444,49.14663972259194,1.0,0.0,5.0,1.0,1.0,1.0,0.0,0
GP-1435,65.93933146306223,64.50312354426401,75.68449956048035,43.84186516755278,0.0,0.0,5.0,2.0,2.0,1.0,1.0,0
GP-1436,68.22817380755585,67.58471146958115,54.469167105375504,78.08076044594321,2.0,4.0,5.0,2.0,0.0,1.0,0.0,1
GP-1437,68.21417551513058,78.66545019531573,73.26461522518683,81.18576094973484,2.0,4.0,5.0,4.0,3.0,0.0,1.0,1
GP-1438,74.63450666597973,72.06028762947696,51.253371718753144,70.3339937608541,2.0,2.0,2.0,5.0,4.0,1.0,1.0,0
GP-1439,69.58853037159565,71.14159604888806,40.0,81.83094052349642,1.0,1.0,4.0,3.0,4.0,0.0,0.0,0
GP-1440,87.48483994298691,70.20186757359218,51.60842711271181,54.30528951514496,0.0,4.0,4.0,3.0,1.0,1.0,0.0,0
GP-1441,59.23155756372455,88.29450479148373,50.05787765048568,72.61104109375597,2.0,5.0,3.0,2.0,3.0,0.0,0.0,0
GP-1442,68.46111287004368,64.63825385424703,77.66358942417904,99.0,2.0,2.0,3.0,4.0,4.0,1.0,1.0,1
GP-1443,46.12715299947958,71.2152756381575,68.08595968388887,86.49144677961289,0.0,4.0,3.0,1.0,1.0,0.0,1.0,0
GP-1444,64.58740624746171,57.678383180963195,74.34086082312001,62.238743915319475,1.0,0.0,3.0,3.0,1.0,1.0,1.0,0
GP-1445,79.30350556556876,95.83064928380713,56.6201835968832,66.63033380967983,2.0,0.0,1.0,5.0,1.0,1.0,1.0,1
GP-1446,79.63151700157512,79.28359416998055,57.334570649239666,53.84638792812247,3.0,3.0,4.0,5.0,3.0,1.0,1.0,1
GP-1447,61.58236410835453,95.96769131880231,74.31396723024844,81.93996503211234,0.0,4.0,5.0,2.0,0.0,0.0,1.0,1
GP-1448,71.30156417417854,84.89874184679225,66.09180731694123,66.7571769729083,3.0,5.0,5.0,5.0,4.0,1.0,0.0,1
GP-1449,66.95711488523477,98.0,59.80735637443699,70.57154604769319,3.0,3.0,4.0,5.0,2.0,0.0,1.0,1
GP-1450,73.2638828296426,67.2685627529059,58.03665059156303,83.14958372401979,2.0,1.0,4.0,1.0,4.0,0.0,0.0,0
GP-1451,67.42676782024265,68.73469487995463,77.2456369246253,77.04878501677203,3.0,2.0,1.0,1.0,4.0,1.0,1.0,0
GP-1452,80.39910492919421,73.2557849886976,54.89001405923235,50.38521595017265,0.0,0.0,4.0,1.0,2.0,1.0,1.0,0
GP-1453,75.80699629072232,59.902464928415874,76.10018225079725,75.58224861785854,0.0,2.0,5.0,3.0,0.0,1.0,1.0,1
GP-1454,53.228413867097885,74.7610954052319,66.42041507127969,96.97861798238523,3.0,3.0,5.0,4.0,1.0,0.0,0.0,1
GP-1455,68.1449981667952,60.05676938627326,49.885580159487304,75.72506452788652,3.0,1.0,1.0,2.0,0.0,0.0,1.0,0
GP-1456,73.96099040077775,68.29059027944928,70.0112445422629,40.44146590063262,0.0,1.0,2.0,3.0,4.0,0.0,0.0,0
GP-1457,55.960877697895654,82.11328914477949,60.64061207854189,72.09471587784425,1.0,5.0,5.0,2.0,4.0,0.0,0.0,0
GP-1458,59.08341218899722,70.71937070601223,60.84002173222671,62.695013234565266,2.0,3.0,3.0,2.0,4.0,0.0,0.0,0
GP-1459,63.83809001970778,49.55552393965876,76.22541287845932,69.47183631556743,1.0,1.0,5.0,4.0,3.0,1.0,1.0,0
GP-1460,54.820906043233684,41.73244011954366,59.402629988019996,47.357379488183234,1.0,0.0,5.0,2.0,0.0,1.0,0.0,0
GP-1461,94.18815671412433,69.44169987391096,89.77787348571775,69.59969547008811,0.0,4.0,3.0,1.0,0.0,1.0,1.0,1
GP-1462,70.74333988915711,60.02920822069914,63.96651654415924,59.74792528159567,0.0,0.0,2.0,4.0,0.0,0.0,1.0,0
GP-1463,80.24719233891958,70.20726246999784,76.66683278447002,42.926359278937966,2.0,1.0,1.0,1.0,3.0,0.0,1.0,0
GP-1464,67.30959860621302,70.86234776051472,61.77434966626852,68.56128841275464,0.0,0.0,3.0,1.0,1.0,1.0,1.0,0
GP-1465,81.88831535440042,65.14681167453541,66.46157961954316,84.69423431387311,0.0,3.0,5.0,2.0,0.0,1.0,0.0,1
GP-1466,67.36125241689462,70.10618938519343,76.9354597036823,61.36426101705983,3.0,0.0,2.0,2.0,1.0,0.0,0.0,0
GP-1467,67.08072617720616,66.87211111403357,85.07689352147857,74.47636589162799,0.0,4.0,3.0,5.0,0.0,1.0,0.0,1
GP-1468,82.07786620597423,52.46357424501618,56.39076561668955,60.67064259176583,1.0,2.0,5.0,1.0,3.0,1.0,0.0,0
GP-1469,63.79304519575328,64.99899115283995,72.08502154290954,49.404703015088074,0.0,1.0,1.0,2.0,1.0,0.0,1.0,0
GP-1470,68.5261701790892,83.34761961304353,90.61538974499737,80.94956754063655,0.0,3.0,1.0,3.0,4.0,0.0,1.0,0
GP-1471,80.88586291314003,68.58678763831769,78.83833170091094,99.0,2.0,0.0,2.0,2.0,3.0,1.0,0.0,1
GP-1472,73.46605212979978,67.7729263543461,62.65172265078753,74.40509258495017,0.0,4.0,3.0,3.0,0.0,0.0,1.0,1
GP-1473,57.294130868865906,55.168168265564034,55.591947544846214,81.91862956683941,0.0,4.0,3.0,4.0,3.0,0.0,1.0,0
GP-1474,54.78376263352405,80.37367225595013,67.84959258270247,53.490964055470826,1.0,4.0,2.0,5.0,1.0,0.0,1.0,0
GP-1475,50.98328008922241,89.74991548459057,85.27911126940481,94.19325445587279,2.0,5.0,3.0,2.0,2.0,1.0,1.0,1
GP-1476,68.65738821386583,62.66024232772573,72.35150646797298,75.48601949157715,2.0,4.0,2.0,2.0,1.0,1.0,0.0,1
GP-1477,56.52568762056876,59.9553429784353,70.35975345992547,81.35622520918453,1.0,5.0,3.0,2.0,0.0,0.0,1.0,1
GP-1478,71.77036328399582,91.2451241410352,63.871476872909895,79.93707339137609,2.0,2.0,1.0,1.0,1.0,1.0,1.0,1
GP-1479,86.67570416278983,67.30198852192574,56.69041282484522,81.44154306832483,3.0,5.0,3.0,2.0,2.0,1.0,1.0,1
GP-1480,74.3880208104156,60.25853402854378,73.65436804073933,68.79613330503474,3.0,4.0,3.0,3.0,4.0,0.0,0.0,0
GP-1481,68.61292719454633,45.28393473709302,60.03866021290924,81.69365327721414,2.0,0.0,2.0,3.0,1.0,1.0,0.0,0
GP-1482,64.38306249623955,80.6800533177198,54.888161095423136,56.998091697274404,1.0,1.0,5.0,4.0,4.0,1.0,1.0,0
GP-1483,63.44906902038272,77.70163209664744,73.66836629298277,99.0,3.0,3.0,3.0,5.0,0.0,1.0,1.0,1
GP-1484,81.4262665884901,71.18405035083553,55.34071612145065,92.90290264062358,2.0,5.0,3.0,2.0,2.0,0.0,0.0,1
GP-1485,57.13351998556341,91.45808523754893,48.236256026732256,74.11608415840216,2.0,4.0,3.0,1.0,4.0,0.0,0.0,0
GP-1486,81.58769301209108,53.90993369298982,75.37559246523948,96.54707152990684,0.0,0.0,1.0,5.0,4.0,0.0,0.0,0
GP-1487,76.38783729281229,75.94814939361508,76.21869601526214,77.05390153551166,0.0,5.0,1.0,5.0,0.0,0.0,0.0,1
GP-1488,63.13094911500002,70.56475959458129,56.30291396964903,62.596698013309485,0.0,3.0,1.0,1.0,1.0,1.0,1.0,0
GP-1489,72.532825417298,74.15683455968258,57.888768953207325,72.57348850876667,0.0,0.0,3.0,3.0,1.0,0.0,1.0,0
GP-1490,65.38750677838574,65.4719243360993,73.41120388873138,90.68510820766753,1.0,1.0,3.0,3.0,1.0,0.0,0.0,1
GP-1491,75.23287515791023,63.57228859701569,69.40884394371436,88.52077959393027,2.0,5.0,3.0,3.0,1.0,1.0,0.0,1
GP-1492,63.62625442933441,65.42621747678143,54.294345126265775,59.07553648403238,2.0,0.0,4.0,2.0,1.0,1.0,1.0,0
GP-1493,74.54718377184508,97.62864911963136,73.89690633385374,80.18390510760801,3.0,2.0,1.0,1.0,0.0,1.0,1.0,1
GP-1494,51.83325985637799,82.96844295664974,58.823136136805005,72.96257018431626,3.0,4.0,2.0,5.0,2.0,0.0,0.0,0
GP-1495,90.56338726452563,78.91450886460933,77.07440436490259,58.303893471926564,1.0,3.0,3.0,3.0,0.0,1.0,0.0,1
GP-1496,70.34882349558033,71.65233540206101,54.6509506695014,85.84193842699419,1.0,4.0,3.0,1.0,2.0,0.0,0.0,0
GP-1497,75.2419105055085,60.21779342003606,55.88335479780562,46.5662064278569,0.0,4.0,4.0,5.0,1.0,0.0,1.0,1
GP-1498,79.48171908649495,94.43275879908825,54.136077968905084,39.250151051687915,2.0,0.0,4.0,2.0,0.0,1.0,1.0,0
GP-1499,53.30573116202984,69.79455817880915,71.06137809360288,98.59341383668254,2.0,3.0,1.0,3.0,4.0,0.0,0.0,0
GP-1500,80.61442671301504,47.98685966224302,81.34151272810308,97.79419276782681,2.0,2.0,1.0,1.0,3.0,1.0,1.0,1
GP-1501,80.96472780948257,66.08436124572385,75.44152095557492,79.27045401013899,1.0,5.0,2.0,3.0,1.0,1.0,0.0,1
GP-1502,68.53971153412506,66.78860771163662,63.35876622426973,46.51731282054985,2.0,2.0,2.0,1.0,0.0,1.0,0.0,0
GP-1503,66.55828227054394,82.13991662826473,59.85563249691459,62.4286674668564,1.0,4.0,5.0,3.0,4.0,0.0,0.0,0
GP-1504,56.01685752435814,78.9549234539109,52.790741414297614,56.55311335162974,1.0,1.0,3.0,1.0,1.0,1.0,1.0,0
GP-1505,75.6761256090043,76.9994704133001,49.29066749318649,59.30897633139841,0.0,4.0,4.0,5.0,0.0,1.0,0.0,1
GP-1506,71.36515217374347,60.127930904718184,79.10455338081462,69.62420677603207,1.0,0.0,2.0,2.0,4.0,1.0,0.0,0
GP-1507,86.48700154845102,59.88004971900891,48.9966176015132,66.68658380927876,1.0,4.0,4.0,5.0,2.0,1.0,1.0,1
GP-1508,68.06017972969136,57.41560163357046,72.50581235219697,59.10262615451452,1.0,1.0,1.0,2.0,0.0,0.0,0.0,0
GP-1509,88.880056129574,84.73864298430654,63.69318294646878,65.3802275409692,0.0,1.0,5.0,5.0,3.0,0.0,1.0,0
GP-1510,83.61241001108777,75.67092192084806,95.09163468399171,76.68776464251819,0.0,0.0,1.0,5.0,4.0,1.0,1.0,1
GP-1511,69.4299535042899,41.321862020947265,70.16927496714366,51.46207075223713,1.0,3.0,2.0,4.0,3.0,0.0,0.0,0
GP-1512,81.16958027850173,77.4982847156615,76.32267740862073,59.5202767777195,2.0,0.0,3.0,5.0,1.0,0.0,0.0,0
GP-1513,68.508827858461,68.58724792500642,81.88558354680117,54.39970999805462,0.0,2.0,5.0,2.0,3.0,0.0,0.0,0
GP-1514,91.78286072480236,83.29389013533549,61.22025346760267,86.99854824302585,3.0,4.0,1.0,4.0,3.0,1.0,0.0,1
GP-1515,52.49242638505065,59.4020256283916,88.79610807900305,73.62515528047116,2.0,1.0,3.0,3.0,0.0,1.0,1.0,1
GP-1516,66.14364528769123,68.93832010024015,77.45036470470423,63.901846423510534,1.0,0.0,2.0,5.0,0.0,0.0,0.0,1
GP-1517,65.34764315624875,54.79779049674435,63.700528465747745,76.42759712266354,0.0,4.0,1.0,5.0,4.0,1.0,0.0,0
GP-1518,54.74844186065701,71.23603225131455,65.36483296807141,50.16128721163707,1.0,5.0,3.0,2.0,2.0,0.0,1.0,0
GP-1519,71.4806641108368,72.53488049029437,89.23861125815674,92.60132112208282,0.0,1.0,1.0,5.0,1.0,0.0,0.0,1
GP-1520,63.431685197632376,66.3138524413614,58.915891716426444,69.00441178002987,2.0,5.0,3.0,4.0,1.0,0.0,0.0,0
GP-1521,69.391818163815,69.59611562710715,66.61969755846742,87.24164044068371,1.0,3.0,3.0,2.0,1.0,0.0,1.0,1
GP-1522,66.07486720042388,81.69813834073761,80.28437358052825,79.82421861130572,0.0,4.0,5.0,5.0,3.0,1.0,1.0,1
GP-1523,78.27019132594125,92.64874671952188,56.447602170750066,53.34475781397211,3.0,4.0,2.0,2.0,4.0,0.0,1.0,0
GP-1524,51.20882674831013,59.42320211238909,69.26542772253163,52.46412071065632,3.0,2.0,5.0,4.0,0.0,1.0,1.0,1
GP-1525,55.501289518446185,65.97198116345439,73.04858489343351,57.47078706949849,0.0,2.0,1.0,4.0,0.0,1.0,1.0,1
GP-1526,56.27882788536987,45.883608412426405,66.22328587925232,47.81918139626449,0.0,0.0,5.0,3.0,0.0,1.0,1.0,0
GP-1527,40.0,52.46840400950792,84.20693280309497,99.0,1.0,0.0,5.0,3.0,4.0,0.0,0.0,0
GP-1528,70.22702896128355,79.07697692948338,64.25612370777228,64.1288865506375,1.0,3.0,2.0,1.0,0.0,1.0,0.0,0
GP-1529,78.74208352662588,67.04678083754504,61.29692606609418,71.10219106180307,0.0,4.0,4.0,1.0,4.0,0.0,1.0,0
GP-1530,47.97205679175133,75.06306441011353,69.83593466277439,81.76951761561598,0.0,4.0,1.0,2.0,1.0,0.0,0.0,0
GP-1531,62.68586538483223,67.02790439244265,71.27374190469602,60.43321620669324,0.0,0.0,1.0,5.0,3.0,1.0,0.0,0
GP-1532,83.96349031064612,79.90135607561541,46.88032405346546,71.94486925415386,1.0,3.0,2.0,1.0,1.0,1.0,0.0,0
GP-1533,61.43161557284148,76.64063088756826,62.01437601029728,71.81012051787692,0.0,5.0,2.0,4.0,2.0,1.0,0.0,1
GP-1534,58.34190651840486,65.88526190202592,60.62757010764034,61.985726417667735,2.0,0.0,2.0,5.0,1.0,0.0,0.0,0
GP-1535,61.302417538854385,65.73536203966823,65.79352753295571,95.0032304093307,3.0,1.0,2.0,4.0,2.0,0.0,1.0,1
GP-1536,83.59756958345997,70.06997223152864,63.685033063806785,52.705258744670836,0.0,3.0,5.0,1.0,1.0,0.0,1.0,0
GP-1537,59.32253921306777,85.2795713438986,83.63833237663141,53.92406470170911,0.0,4.0,3.0,2.0,2.0,0.0,1.0,1
GP-1538,83.57019120133664,53.76417111332104,77.17260556946611,68.16409840730199,2.0,1.0,1.0,1.0,0.0,1.0,0.0,0
GP-1539,55.94936106203907,60.43995899982399,60.239591064491584,59.66473311796331,2.0,5.0,5.0,2.0,3.0,0.0,1.0,0
GP-1540,76.01246964368423,87.5025249473045,68.9052270270248,61.08731360583378,1.0,1.0,5.0,2.0,1.0,0.0,1.0,1
GP-1541,66.17057047721255,84.07726926787217,75.28654653245738,88.96586297124695,2.0,5.0,2.0,5.0,3.0,0.0,1.0,1
GP-1542,78.19185407639564,81.96757332763815,69.92269318448855,92.27258802169646,1.0,0.0,2.0,5.0,3.0,1.0,0.0,1
GP-1543,48.27819543111857,81.50902958387461,75.69945098087514,83.30447573544822,3.0,2.0,3.0,5.0,4.0,1.0,1.0,1
GP-1544,80.80577819141844,75.85418395737425,82.40981002140215,75.91291303459015,1.0,5.0,4.0,4.0,1.0,0.0,0.0,1
GP-1545,89.20011418622235,62.5214770677418,51.925581432488066,85.66280703337388,1.0,5.0,4.0,2.0,4.0,1.0,0.0,0
GP-1546,69.53262251816254,67.65630972692142,81.14750445413767,81.7797043544897,0.0,0.0,3.0,2.0,4.0,1.0,0.0,0
GP-1547,66.26663216489622,66.02446722229602,81.95401386470566,66.20390232575012,1.0,3.0,5.0,5.0,2.0,1.0,1.0,1
GP-1548,83.95800792915311,40.25691856583906,58.030179768698005,70.40775460950161,3.0,4.0,1.0,1.0,4.0,0.0,1.0,0
GP-1549,74.60870221365522,67.8798328524115,74.56553020296757,80.83762587241334,0.0,2.0,2.0,4.0,1.0,1.0,0.0,1
GP-1550,68.70670590554691,62.98663711091442,83.07331672244648,63.081404115645995,3.0,2.0,2.0,1.0,0.0,0.0,0.0,0
GP-1551,82.8601248922795,69.96941354087485,79.47131027415094,67.40856748958103,0.0,0.0,4.0,5.0,3.0,1.0,1.0,1
GP-1552,69.99321482771857,49.13348455184795,68.58535432817897,81.02740939983924,0.0,4.0,5.0,4.0,1.0,1.0,1.0,1
GP-1553,76.57859085129503,67.7032026023104,40.0,85.04314785579224,2.0,3.0,2.0,4.0,4.0,1.0,0.0,0
GP-1554,79.39928558932836,57.72788978448083,75.3574305616341,78.0309126078829,2.0,4.0,1.0,1.0,0.0,1.0,1.0,1
GP-1555,46.493037913857854,69.14328083314871,73.22229161008671,67.53703852875891,2.0,3.0,4.0,3.0,4.0,1.0,0.0,0
GP-1556,68.35629147135715,52.27746031474466,67.0998186260041,43.11619201703046,2.0,4.0,1.0,5.0,3.0,0.0,1.0,0
GP-1557,71.65852589011294,77.543185298439,81.70425367491526,59.52507536604293,2.0,0.0,5.0,3.0,0.0,1.0,1.0,1
GP-1558,61.74853627140583,49.72702309918758,71.42076815090847,71.29195990128919,3.0,0.0,4.0,2.0,0.0,0.0,1.0,0
GP-1559,79.1066475449712,59.973329477762306,77.55704998037115,86.18510201654246,0.0,0.0,3.0,1.0,0.0,1.0,1.0,1
GP-1560,70.07583446508056,74.57943151297023,74.96843896201085,90.50299095468199,2.0,0.0,4.0,2.0,2.0,0.0,1.0,1
GP-1561,72.60854046396123,88.41817010438392,82.27019622873418,69.41326101886068,1.0,1.0,1.0,4.0,3.0,0.0,1.0,1
GP-1562,82.02806415711507,82.50667263934636,49.0981181612167,75.84060541197115,1.0,4.0,5.0,4.0,4.0,1.0,0.0,0
GP-1563,72.72496030114493,67.6838040603445,73.55354729311902,72.06774607487684,2.0,5.0,1.0,3.0,3.0,1.0,1.0,1
GP-1564,67.55654743757802,55.68413280226359,67.77787814893404,73.05849607293273,0.0,5.0,1.0,4.0,1.0,1.0,1.0,1
GP-1565,71.21409012783968,70.30106518538042,54.132751271186436,56.24626456915156,3.0,2.0,4.0,5.0,1.0,1.0,1.0,0
GP-1566,67.367341542832,66.60391273609947,56.68905685683745,70.53953829928786,0.0,4.0,1.0,5.0,0.0,1.0,0.0,0
GP-1567,66.12183294592151,55.8627938360203,70.65068126816384,79.75780598566078,2.0,3.0,4.0,4.0,4.0,1.0,1.0,0
GP-1568,51.68007493536614,56.745840536316166,50.53480972913225,62.01649358073945,0.0,4.0,1.0,3.0,2.0,1.0,0.0,0
GP-1569,77.42016270398705,67.15003017650093,74.27442287095029,54.182418780590126,2.0,2.0,3.0,5.0,4.0,1.0,0.0,0
GP-1570,72.5386024734847,58.973588411607196,83.99062029740105,54.76107604019232,0.0,5.0,5.0,3.0,3.0,1.0,0.0,0
GP-1571,61.423781768087984,61.9035052979479,57.72113556929856,58.26304954416746,2.0,3.0,1.0,3.0,4.0,1.0,1.0,0
GP-1572,62.4919068029709,87.13525411046064,57.36668017355851,73.44968909830355,3.0,3.0,3.0,1.0,2.0,1.0,1.0,0
GP-1573,67.67551839982825,56.818384214925956,61.51079214283634,77.24433777241275,1.0,1.0,1.0,3.0,4.0,0.0,0.0,0
GP-1574,66.69602103178623,75.98533029693829,67.82342906851147,76.97051283570094,3.0,2.0,5.0,5.0,0.0,1.0,1.0,1
GP-1575,49.3673209944442,47.03842992309009,67.94744892608882,89.92541590279004,2.0,1.0,3.0,3.0,0.0,1.0,0.0,1
GP-1576,63.47560781945846,77.8655512952375,73.67070461851846,92.84067035825035,3.0,5.0,2.0,3.0,4.0,0.0,1.0,1
GP-1577,68.63186627020124,75.0092983361655,90.42946549462638,61.234704926325236,1.0,4.0,2.0,4.0,1.0,0.0,1.0,1
GP-1578,70.12419406111873,83.29530257279362,53.414116726682806,83.36076179412541,1.0,1.0,2.0,5.0,1.0,0.0,0.0,1
GP-1579,71.2267915452232,71.24237172270283,53.09930469831132,68.61054626792497,0.0,3.0,5.0,2.0,0.0,0.0,1.0,0
GP-1580,82.4148081433047,97.24717752080693,76.4298660351852,79.15762201942584,3.0,3.0,3.0,3.0,2.0,1.0,0.0,1
GP-1581,63.01131687952033,67.07750521681936,77.01908618956136,69.6682338099255,0.0,1.0,4.0,4.0,2.0,0.0,1.0,1
GP-1582,82.3383446458365,66.90095053404374,57.78504161801394,44.4838143618116,1.0,4.0,5.0,3.0,3.0,1.0,0.0,0
GP-1583,75.06104643518381,68.53907665851511,65.53577159774593,73.40989335225595,0.0,1.0,2.0,2.0,0.0,1.0,1.0,1
GP-1584,74.77942404317507,54.43836481875897,69.48561211689244,57.83819818706603,0.0,4.0,3.0,1.0,4.0,1.0,1.0,0
GP-1585,65.56987096423737,75.35879776138053,51.164589237744494,64.76737593595386,3.0,0.0,3.0,2.0,3.0,0.0,1.0,0
GP-1586,89.99910562800888,64.50460767296444,72.19303323944585,80.98727440043237,2.0,1.0,3.0,4.0,1.0,1.0,0.0,1
GP-1587,73.53284683039492,85.58135341073185,73.37029987798205,73.78159147503563,1.0,1.0,5.0,3.0,3.0,0.0,1.0,1
GP-1588,79.9928506485607,66.00198394291864,62.87814852821224,88.79608333402692,3.0,4.0,4.0,1.0,2.0,1.0,0.0,1
GP-1589,71.70859932524525,40.859957378497015,85.0782523226475,79.30968737934066,3.0,5.0,1.0,4.0,1.0,0.0,1.0,1
GP-1590,66.58011193206964,69.15553587134262,56.287141951288326,62.85863718878085,2.0,4.0,2.0,3.0,1.0,0.0,1.0,0
GP-1591,74.42376079215961,53.85565956440647,76.0897665283058,77.92009695936535,2.0,2.0,1.0,3.0,1.0,1.0,0.0,0
GP-1592,57.87534052327222,58.11307791921976,63.048506430688704,71.96824529612076,3.0,4.0,5.0,2.0,1.0,1.0,1.0,1
GP-1593,87.34015669859951,58.0187867066377,60.40562262565252,63.829722213998,0.0,2.0,1.0,3.0,0.0,0.0,1.0,0
GP-1594,62.438483241014666,61.542649932447034,80.19407180088106,62.462990542476774,0.0,2.0,5.0,2.0,1.0,0.0,0.0,0
GP-1595,61.884940060476936,61.24774112277983,53.613071647468814,81.07638575587097,2.0,5.0,2.0,1.0,1.0,0.0,0.0,0
GP-1596,90.65406506335218,83.24626718859602,66.29168578689708,46.190368808959484,3.0,2.0,5.0,5.0,2.0,1.0,0.0,1
GP-1597,64.76232706177578,80.77307105445693,70.26576787429674,83.50226116175756,2.0,3.0,1.0,2.0,4.0,1.0,1.0,0
GP-1598,58.79896271433561,68.14585935186729,69.14456901583267,54.4868094630095,3.0,2.0,2.0,5.0,4.0,0.0,0.0,0
GP-1599,75.23423745918801,85.86146053967543,81.3823120496378,76.66726919282722,0.0,2.0,3.0,3.0,0.0,0.0,1.0,1
GP-1600,66.11935803426609,83.025543318187,67.44538572581286,74.39774979372261,0.0,5.0,2.0,5.0,3.0,1.0,0.0,1
